<?xml version="1.0" encoding="UTF-8"?>
<!DOCTYPE mapper PUBLIC "-//mybatis.org//DTD Mapper 3.0//EN" "http://mybatis.org/dtd/mybatis-3-mapper.dtd">
<mapper namespace="cn.gq.android.web.dao.teacher.TeacherMapper">
    <insert id="addTeacher">
        INSERT INTO teacher (tid,tname,tdeg,collegeid)values
         (#{tid},#{tname},#{tdeg},#{collegeId})
    </insert>
    <!--删除相关的课程-->
    <update id="updateTeacherSelectCourse">
        UPDATE  course_major_teacher SET teacherid = '-1'
        where id  = #{id}
    </update>
    <update id="updateTeacherId">
         UPDATE  course_major_teacher SET teacherid = #{userId}
        where id  = #{id}
    </update>
    <!--操作student_homework-->
    <update id="checkStudentHomework">
      UPDATE  student_homework t1 SET t1.teacherpicture=#{image},t1.credit = #{credit}
      WHERE t1.id = #{answerId}
    </update>
    <!-- 方法更改-->
    <update id="checkStudentHomework_1">
     UPDATE  student_homework_1 t1 SET t1.teacherpicture=#{check_homework_path},t1.credit = #{credit}
      WHERE t1.id = #{answerId}
    </update>
    <select id="selectedTeacherCourseById" resultType="java.util.Map">
     SELECT
	t1.id,
	t2.cname AS collegeName,
	t3.mname AS majorName,
	t3.mid AS majorId ,
	t4.cname AS courseName,
	t1.coursetype AS courseType,
	t4.ccredit AS courseCredit ,
	t4.cid AS courseId
FROM
	course_major_teacher t1
	INNER JOIN college t2 ON t1.collegeid = t2.cid
	INNER JOIN major t3 ON t3.mid = t1.majorid
	INNER JOIN course t4 ON t4.cid = t1.courseid
WHERE
	t1.teacherid = #{userId}
    </select>


    <select id="seeSubmitHomeworkByTeacherId" resultType="java.util.Map">
    SELECT
	t2.id,
	t1.coursename AS courseName,
	t1.question,
	t3.sid AS studentId,
	t3.name AS studentName,
	t2.homeworkpicture as image,
	t1.classname AS className
FROM
	teacher_send_homework t1
	INNER JOIN student_homework t2 ON t1.id = t2.tshid
	LEFT JOIN student t3 ON t3.sid = t2.studentid
	WHERE t1.teacherid = #{teacherId} AND t2.teacherpicture IS null
    </select>

	<!--查看学生的签到情况-->
    <select id="checkStudentSignIn" resultType="java.util.Map">
        <choose>
            <when test="courseType==0">
                SELECT
                t1.NAME AS name,
                t1.sid AS studentId,
                "1" AS type
                FROM
                student t1
                INNER JOIN student_course t2 ON t2.courseid = #{courseId}
                AND t1.sid = t2.studentid AND t2.del=1
                WHERE
                t1.classid = (
                SELECT
                t2.cid
                FROM
                teacher_signin t1
                INNER JOIN class t2 ON t1.classname = t2.cname
                WHERE
                t1.id = #{tsId})
            </when>
            <otherwise>
                SELECT
                t1.NAME as name,
                t1.sid as studentId,
                "1" AS type
                FROM
                student t1
                INNER JOIN class t2 ON t2.cname = ( SELECT t1.classname FROM teacher_signin t1 WHERE t1.id = #{tsId} )
                AND t1.classid = t2.cid
            </otherwise>
        </choose>
        UNION ALL
        SELECT
        t3.NAME AS name,
        t3.sid as studentId,
        "0" AS type
        FROM
        teacher_signin t1
        INNER JOIN student_signin t2 ON t1.id = t2.signinid
        AND t1.endtime - t1.keeptime &lt; t2.signintime
        INNER JOIN student t3 ON t3.sid = t2.studentid
        WHERE
        t1.id = #{tsId}
        ORDER BY type
    </select>
<!--  方法变更_1  -->
    <select id="seeSubmitHomeworkByTeacherId_1" resultType="java.util.Map">
         SELECT
	t2.id,
	t1.coursename AS courseName,
	t1.question,
	t3.sid AS studentId,
	t3.name AS studentName,
	t2.homeworkpicture as image,
	t1.classname AS className
FROM
	teacher_send_homework t1
	INNER JOIN student_homework_1 t2 ON t1.id = t2.tshid
	LEFT JOIN student t3 ON t3.sid = t2.studentid
	WHERE t1.teacherid = #{teacherId} AND t2.teacherpicture IS null
    </select>
</mapper>
























