<?xml version="1.0" encoding="UTF-8" ?>

<configuration scan="true" scanPeriod="3 seconds">
    <!--设置日志输出为控制台-->
    <appender name="STDOUT" class="ch.qos.logback.core.ConsoleAppender">
        <encoder>
            <pattern>%d{yyyy-MM-dd HH:mm:ss.SSS} %-5level [%X{userId}] [%X{requestId}] %logger - %msg%n</pattern>
        </encoder>
    </appender>

    <!--设置日志输出为文件-->
    <appender name="INFO" class="ch.qos.logback.core.rolling.RollingFileAppender">
        <File>logs/log_info.log</File>
        <rollingPolicy  class="ch.qos.logback.core.rolling.TimeBasedRollingPolicy">
            <FileNamePattern>log_info.%d{yyyy-MM-dd}.zip</FileNamePattern>
            <maxHistory>50</maxHistory>
        </rollingPolicy>

        <layout class="ch.qos.logback.classic.PatternLayout">
            <Pattern>%d{yyyy-MM-dd HH:mm:ss,SSS} [%thread] %-5level %logger{32} - %msg%n</Pattern>
        </layout>
    </appender>
    <!--异步输出-->
    <!--<appender name="async_log" class="ch.qos.logback.classic.AsyncAppender">-->
        <!--<discardingThreshold>0</discardingThreshold>-->
        <!--<queueSize>10</queueSize>-->
        <!--<appender-ref ref="INFO"/>-->
    <!--</appender>-->

    <!--设置错误日志输出为文件-->
    <!-- DEBUG级别日志 appender -->
    <!--<appender name="DEBUG" class="ch.qos.logback.core.rolling.RollingFileAppender">-->
        <!--&lt;!&ndash; 过滤器，只记录DEBUG级别的日志 &ndash;&gt;-->
        <!--<File>logs/log_debug.log</File>-->
        <!--<filter class="ch.qos.logback.classic.filter.LevelFilter">-->
            <!--<level>DEBUG</level>-->
            <!--<onMatch>ACCEPT</onMatch>-->
            <!--<onMismatch>DENY</onMismatch>-->
        <!--</filter>-->
        <!--<rollingPolicy  class="ch.qos.logback.core.rolling.TimeBasedRollingPolicy">-->
            <!--<FileNamePattern>log_debug.%d{yyyy-MM-dd}.zip</FileNamePattern>-->
            <!--<maxHistory>50</maxHistory>-->
        <!--</rollingPolicy>-->
        <!--<layout class="ch.qos.logback.classic.PatternLayout">-->
            <!--<Pattern>%d{yyyy-MM-dd HH:mm:ss,SSS} [%thread] %-5level %logger{32} - %msg%n</Pattern>-->
        <!--</layout>-->
    <!--</appender>-->


    <!--log4jdbc -->
    <!--<logger name="jdbc.sqltiming" level="debug"/>-->
    <!--<logger name="com.ibatis" level="debug" />-->
    <!--<logger name="com.ibatis.common.jdbc.SimpleDataSource" level="debug" />-->
    <!--<logger name="com.ibatis.common.jdbc.ScriptRunner" level="debug" />-->
    <!--<logger name="com.ibatis.sqlmap.engine.impl.SqlMapClientDelegate" level="debug" />-->
    <!--<logger name="java.sql.Connection" level="debug" />-->
    <!--<logger name="java.sql.Statement" level="debug" />-->
    <!--<logger name="java.sql.PreparedStatement" level="debug" />-->
    <logger name="java.sql.ResultSet" level="debug" />

    <!--日志打印的包的范围，及分类日志文件存储 -->
    <!--additivity为false的时候父节点不打印该日志-->
    <!--<logger name="com.geovis"  additivity="false">-->
    <logger name="com.geovis" >
        <level value="DEBUG" />
        <appender-ref ref="INFO" />
    </logger>


    <!--控制台打印资源加载信息-->  
    <root level="INFO">
        <appender-ref ref="STDOUT" />
        <!--<appender-ref ref="DEBUG" />-->
    </root>  

</configuration>